{
  "aksCluster": "aks",
  "analysisServicesserver":"as",
  "apiDefinition": "api",
  "apiConnection": "apic",
  "apiManagementService": "apim",
  "appServiceEnvironment":"ase",
  "apiOperation": "apio",
  "appConfigurationStore": "appcs",  
  "appManagedEnvironment": "appme",
  "applicationInsights": "appi",
  "applicationGateway": "agw",
  "appServicePlan": "asp",  
  "automationAccount": "aa",
  "availabilitySet":"avail",
  "arcEnabledserver":"arcs",
  "arcEnabledKubernetesCluster":"arck",
  "bastion": "bas",
  "backupVaultName": "bvault",
  "backupVaultPolicy": "bkpol",
  "batchAccounts":"ba",
  "blueprint": "bp",
  "bluePrintAssignment": "bpa",  
  "budget": "bdg",
  "cacheforRedisinstance": "redis",
  "cloudService":"cld",
  "cognitiveSearch": "srch",
  "cognitiveServices":"cog",
  "cognitiveServicesAccount": "cog",
  "communicationServices":"acs",
  "containerApps": "ca",
  "containerAppsEnvironment": "cae",
  "containerInstance": "ci",
  "containerRegistry": "cr",
  "cosmosDBdatabase": "cosmos",
  "cosmosDBforApacheCassandraaccount": "coscas",
  "cosmosDBforApacheGremlinaccount": "cosgrm",
  "cosmosDBforMongoDBaccount": "cosmon",
  "cosmosDBforNoSQLaccount": "cosno",
  "cosmosDBforTableaccount": "costab",
  "cosmosDBPostgreSQLcluster": "cospos",
  "databricksWorkspace": "dbw",
  "dataExplorercluster":"dec",
  "dataExplorerclusterdatabase":"dedb",
  "dataFactory":"adf",
  "dataLakeStoreaccount":"dls",
  "dataLakeAnalyticsaccount":"dla",
  "digitalTwininstance":"dt",
  "dbForPostgreSqlFlexibleServer": "psql",
  "dbForPostgreSqlServer": "psql",
  "diskEncryptionSet":"des",
  "dnsZone": "dnsz",
  "eventHubsnamespace":"evhns",
  "eventhub":"evh",
  "eventGriddomain":"evgd",
  "eventGridsubscriptions":"evgs",
  "eventGridtopic":"evgt",
  "eventGridsystemtopic":"egst",
  "fileshare": "share",
  "functionApp":"func",
  "hdInsightHadoopcluster":"hadoop",
  "hdInsightHBasecluster":"hbase",
  "hdInsightKafkacluster":"kafka",
  "hdInsightSparkcluster":"spark",
  "hdInsightStormcluster":"storm",
  "hdInsightMLServicescluster":"mls",
  "gallery":"gal",
  "hostingEnvironment":"host",
  "imageTemplate":"it",
  "integrationAccount": "ia",
  "insightsComponent": "appi",
  "ioThub":"iot",
  "keyVault": "kv",
  "logicApp": "logic",
  "logAnalyticsWorkspace": "log",
  "logAnalyticsQueryPacks": "pack",
  "machineLearningWorkspace": "mlw",
  "managedDiskOS":"osdisk",
  "managedDiskData":"disk",
  "managedIdentity": "id",
  "managedResourceGroup": "mrg",  
  "managementGroup": "mg",
  "mapsAccount": "map",
  "mariaDBdatabase": "mariadb",
  "mariaDBserver": "maria",
  "monitorActiongroup": "ag",
  "monitorDatacollectionrules": "dcr",
  "mySQLdatabase": "mysql",
  "notificationHubs":"ntf",
  "networkInterface": "nic",
  "networkSecurityGroup": "nsg",
  "networkSecurityGroupSecurityRule": "nsgsr",
  "notificationHubsNamespace":"ntfns",
  "policy":"pol",
  "policyAssignment":"pola",
  "policySet":"pols",
  "powerBIEmbedded":"pbi",
  "privateDnsZoneVirtualNetworkLink": "pzvnl",
  "privateEndpoint": "pe",
  "privateEndpointPrivateDnsZoneGroup": "pedzg",
  "privateLinkScope": "pelsc",
  "provisioningservices":"provs",
  "provisioningservicescertificate":"pcert",
  "proximityPlacementGroup":"ppg",
  "publicIPAddress": "pip",
  "purviewInstance": "pview",
  "postgreSQLdatabase": "psql",
  "resourceGroup": "rg",
  "serviceBusNamespace": "sbns",
  "serviceBusQueue": "sbq",
  "serviceBusTopic": "sbt",
  "serviceFabriccluster": "sf",
  "serviceFabricmanagedcluster": "sfmc",
  "signalR": "sigr",
  "snapshot":"snap",
  "staticWebApp":"stapp",
  "storageAccount": "st",
  "storageSyncServicename": "sss",
  "storSimple": "ssimp",
  "streamAnalytics":"asa",
  "sqlDataWarehouse": "sqldw",
  "sqldatabase": "sqldb",
  "sqlDatabaseServer": "sql",
  "sqlElasticJobagent": "sqlja",
  "sqlElasticPool": "sqlep",
  "sqlManagedInstance": "sqlmi",
  "sqlServerStretchDatabase": "sqlstrdb",
  "synapseAnalyticsWorkspaces":"synw",
  "synapseAnalyticsSQLDedicatedPool":"syndp",
  "synapseAnalyticsSparkPool":"synsp",
  "templateSpecsName": "ts",
  "timeSeriesInsightsenvironment":"tsi",
  "virtualDesktopApplicationGroup": "vdag",
  "virtualDesktopHostpool": "vdpool",
  "virtualDesktopScalingplan": "vdscaling",
  "virtualDesktopWorkspace": "vdws",
  "virtualMachine": "vm",
  "virtualMachineScaleSet":"vmss",
  "virtualMachineMaintenanceConfiguration":"mc",
  "virtualMachineStorageAccount":"stvm",
  "virtualNetwork": "vnet",
  "vpnConnection": "vcn",
  "vpnGateway": "vpng",
  "vpnSite": "vst",
  "wafPolicy": "waf",
  "wafPolicyrulegroup": "wafrg",
  "webApp":"app",
  "webPubSub": "wps"    
}
