[
    {
        "type": "Microsoft.Compute/virtualMachines",
        "abbreviations": [ "vm" ],
        "name": "Virtual Machine"
    },
    {
        "type": "Microsoft.Consumption/budgets",
        "abbreviations": [ "bdg" ],
        "name": "Budget"
    },
    {
        "type": "Microsoft.ContainerRegistry/registries",
        "abbreviations": [ "cr" ],
        "name": "Container Registry"
    },
    {
        "type": "Microsoft.DataFactory/factories",
        "abbreviations": [ "adf" ],
        "name": "Data Factory"
    },
    {
        "type": "Microsoft.DocumentDB/databaseAccounts",
        "abbreviations": [ "cosmos", "coscas", "cosgrm", "cosmon", "cosno", "costab", "cospos" ],
        "name": "CosmosDb account"
    },
    {
        "type": "Microsoft.Insights/components",
        "abbreviations": [ "appi" ],
        "name": "Application Insights"
    },
    {
        "type": "Microsoft.KeyVault/vaults",
        "abbreviations": [ "kv" ],
        "name": "Key Vault"
    },    
    {
        "type": "Microsoft.MachineLearning/Workspaces",
        "abbreviations": [ "mlw" ],
        "name": "Machine Learning Workspace"
    },    
    {
        "type": "Microsoft.Network/networkInterfacess",
        "abbreviations": [ "nic" ],
        "name": "Network Interface"
    },
    {
        "type": "Microsoft.Network/virtualNetworks",
        "abbreviations": [ "vnet" ],
        "name": "Virtual Network"
    },
    {
        "type": "Microsoft.Logic/workflows",
        "abbreviations": [ "logic" ],
        "name": "Consumption Logic App"
    },    
    {
        "type": "Microsoft.OperationalInsights/workspaces",
        "abbreviations": [ "log"],
        "name": "Log Anayltics Workspace"
    },
    {
        "type": "Microsoft.ServiceBus/namespaces",
        "abbreviations": [ "sbns" ],
        "name": "Service Bus Namespace"
    },
    {
        "type": "Microsoft.Storage/storageAccounts",
        "abbreviations": [ "st" ],
        "name": "Storage Account"
    },
    {
        "type": "Microsoft.Sql/servers",
        "abbreviations": [ "sql" ],
        "name": "Sql Server"
    },
    {
        "type": "Microsoft.Sql/servers/databases",
        "abbreviations": [ "sqldb" ],
        "name": "Sql Database"
    },   
    {
        "type": "Microsoft.Web/connections ",
        "abbreviations": [ "apic" ],
        "name": "Api connection"
    },   {
        "type": "Microsoft.Web/sites",
        "abbreviations": [ "app", "func", "logic" ],
        "name": "Site"
    },    
    {
        "type": "Microsoft.Web/serverfarms",
        "abbreviations": [ "asp" ],
        "name": "App Service Plan"
    } 
    
]