{
    "edifact": {
        "receiveAgreement": {
            "protocolSettings": {
                "validationSettings": {
                    "validateCharacterSet": true,
                    "checkDuplicateInterchangeControlNumber": false,
                    "interchangeControlNumberValidityDays": 30,
                    "checkDuplicateGroupControlNumber": false,
                    "checkDuplicateTransactionSetControlNumber": false,
                    "validateEDITypes": false,
                    "validateXSDTypes": false,
                    "trimLeadingAndTrailingSpacesAndZeroes": false,
                    "allowLeadingAndTrailingSpacesAndZeroes": false,
                    "trailingSeparatorPolicy": "NotAllowed"
                },
                "framingSettings": {
                    "protocolVersion": 3,
                    "dataElementSeparator": 43,
                    "componentSeparator": 58,
                    "segmentTerminator": 39,
                    "releaseIndicator": 63,
                    "repetitionSeparator": 42,
                    "characterSet": "UNOB",
                    "decimalPointIndicator": "Comma",
                    "segmentTerminatorSuffix": "None"
                },
                "envelopeSettings": {
                    "applyDelimiterStringAdvice": false,
                    "createGroupingSegments": false,
                    "enableDefaultGroupHeaders": true,
                    "interchangeControlNumberLowerBound": 1,
                    "interchangeControlNumberUpperBound": 999999999,
                    "rolloverInterchangeControlNumber": true,
                    "groupControlNumberLowerBound": 1,
                    "groupControlNumberUpperBound": 999999999,
                    "rolloverGroupControlNumber": true,
                    "overwriteExistingTransactionSetControlNumber": true,
                    "transactionSetControlNumberLowerBound": 1,
                    "transactionSetControlNumberUpperBound": 999999999,
                    "rolloverTransactionSetControlNumber": true,
                    "isTestInterchange": false,
                    "businessIdentityQualifierPaddingType": "None"
                },
                "acknowledgementSettings": {
                    "needTechnicalAcknowledgement": false,
                    "batchTechnicalAcknowledgements": true,
                    "needFunctionalAcknowledgement": false,
                    "batchFunctionalAcknowledgements": true,
                    "needLoopForValidMessages": false,
                    "sendSynchronousAcknowledgement": true,
                    "acknowledgementControlNumberLowerBound": 1,
                    "acknowledgementControlNumberUpperBound": 999999999,
                    "rolloverAcknowledgementControlNumber": true
                },
                "messageFilter": {
                    "messageFilterType": "Exclude"
                },
                "processingSettings": {
                    "maskSecurityInfo": true,
                    "preserveInterchange": false,
                    "suspendInterchangeOnError": false,
                    "createEmptyXmlTagsForTrailingSeparators": true,
                    "useDotAsDecimalSeparator": false
                },
                "envelopeOverrides": [],
                "messageFilterList": [],
                "schemaReferences": [
                    {
                        "messageId": "IFTMBF",
                        "messageVersion": "D",
                        "messageRelease": "99B",
                        "schemaName": "sample-edifact-schema"
                    }
                ],
                "validationOverrides": [
                    {
                        "messageId": "IFTMBF",
                        "enforceCharacterSet": true,
                        "validateEDITypes": false,
                        "validateXSDTypes": false,
                        "allowLeadingAndTrailingSpacesAndZeroes": false,
                        "trailingSeparatorPolicy": "NotAllowed",
                        "trimLeadingAndTrailingSpacesAndZeroes": false
                    }
                ],
                "edifactDelimiterOverrides": []
            },
            "senderBusinessIdentity": {
                "qualifier": "ZZZ",
                "value": "STOLTTANK"
            },
            "receiverBusinessIdentity": {
                "qualifier": "ZZZ",
                "value": "BDPTT"
            }
        },
        "sendAgreement": {
            "protocolSettings": {
                "validationSettings": {
                    "validateCharacterSet": true,
                    "checkDuplicateInterchangeControlNumber": false,
                    "interchangeControlNumberValidityDays": 30,
                    "checkDuplicateGroupControlNumber": false,
                    "checkDuplicateTransactionSetControlNumber": false,
                    "validateEDITypes": true,
                    "validateXSDTypes": false,
                    "trimLeadingAndTrailingSpacesAndZeroes": false,
                    "allowLeadingAndTrailingSpacesAndZeroes": false,
                    "trailingSeparatorPolicy": "NotAllowed"
                },
                "framingSettings": {
                    "protocolVersion": 3,
                    "dataElementSeparator": 43,
                    "componentSeparator": 58,
                    "segmentTerminator": 39,
                    "releaseIndicator": 63,
                    "repetitionSeparator": 42,
                    "characterSet": "UNOC",
                    "decimalPointIndicator": "Comma",
                    "segmentTerminatorSuffix": "None"
                },
                "envelopeSettings": {
                    "applyDelimiterStringAdvice": false,
                    "createGroupingSegments": false,
                    "enableDefaultGroupHeaders": true,
                    "interchangeControlNumberLowerBound": 1,
                    "interchangeControlNumberUpperBound": 999999999,
                    "rolloverInterchangeControlNumber": true,
                    "groupControlNumberLowerBound": 1,
                    "groupControlNumberUpperBound": 999999999,
                    "rolloverGroupControlNumber": true,
                    "overwriteExistingTransactionSetControlNumber": true,
                    "transactionSetControlNumberLowerBound": 1,
                    "transactionSetControlNumberUpperBound": 999999999,
                    "rolloverTransactionSetControlNumber": true,
                    "isTestInterchange": false,
                    "businessIdentityQualifierPaddingType": "None"
                },
                "acknowledgementSettings": {
                    "needTechnicalAcknowledgement": false,
                    "batchTechnicalAcknowledgements": true,
                    "needFunctionalAcknowledgement": false,
                    "batchFunctionalAcknowledgements": true,
                    "needLoopForValidMessages": false,
                    "sendSynchronousAcknowledgement": true,
                    "acknowledgementControlNumberLowerBound": 1,
                    "acknowledgementControlNumberUpperBound": 999999999,
                    "rolloverAcknowledgementControlNumber": true
                },
                "messageFilter": {
                    "messageFilterType": "Exclude"
                },
                "processingSettings": {
                    "maskSecurityInfo": true,
                    "preserveInterchange": false,
                    "suspendInterchangeOnError": false,
                    "createEmptyXmlTagsForTrailingSeparators": true,
                    "useDotAsDecimalSeparator": false
                },
                "envelopeOverrides": [],
                "messageFilterList": [],
                "schemaReferences": [],
                "validationOverrides": [],
                "edifactDelimiterOverrides": []
            },
            "senderBusinessIdentity": {
                "qualifier": "ZZZ",
                "value": "BDPTT"
            },
            "receiverBusinessIdentity": {
                "qualifier": "ZZZ",
                "value": "STOLTTANK"
            }
        }
    }
}