<policies>
    <inbound>
        <base />
            <set-variable name="chainId" value="@(Guid.NewGuid())" />
            <set-variable name="eventIdStarted" value="@(Guid.NewGuid())" />
            <set-variable name="eventIdCompleted" value="@(Guid.NewGuid())" />
            <set-variable name="stepId" value="@(Guid.NewGuid())" />
            <set-variable name="timestamp" value="@(DateTime.UtcNow)" />
            <send-request ignore-error="true" timeout="20" mode="new" response-variable-name="logResponse">
                <set-url>{{invictus-logger-endpoint}}</set-url>
                <set-method>POST</set-method>
                <set-header name="Content-Type" exists-action="override">
                    <value>application/json</value>
                </set-header>
                <set-body>@{
            return new JArray(
                            new JObject(
                            new JProperty("Id", context.Variables["eventIdStarted"]),
                            new JProperty("Time", context.Variables["timestamp"]),
                            new JProperty("ChainId", context.Variables["chainId"]),
                            new JProperty("Source", "Azure APIM"),
                            new JProperty("ParentId", null),
                            new JProperty("Step",
                                    new JObject(
                                            new JProperty("Id", context.Variables["stepId"]),
                                            new JProperty("Name", "APIM"),
                                            new JProperty("Status", "Started")
                                )),
                            new JProperty("Mappings",
                                    new JObject(
                                            new JProperty("Domain", "_DOMAIN_"),
                                            new JProperty("Service", "_SERVICE_"),
                                            new JProperty("Action", "_ACTION_")
                                )),
                            new JProperty("Properties",
                                    new JObject(
                                            new JProperty("Milestone", "Received"),
                                            new JProperty("EventText", "Received a request in APIM")
                                ))
                            ),
                            new JObject(
                            new JProperty("Id", context.Variables["eventIdCompleted"]),
                            new JProperty("Time", context.Variables["timestamp"]),
                            new JProperty("ChainId", context.Variables["chainId"]),
                            new JProperty("Source", "Azure APIM"),
                            new JProperty("ParentId", null),
                            new JProperty("Step",
                                    new JObject(
                                            new JProperty("Id", context.Variables["stepId"]),
                                            new JProperty("Name", "APIM"),
                                            new JProperty("Status", "Completed")
                                )),
                            new JProperty("Mappings",
                                    new JObject(
                                            new JProperty("Domain", "_DOMAIN_"),
                                            new JProperty("Service", "_SERVICE_"),
                                            new JProperty("Action", "_ACTION_")
                                )),
                            new JProperty("Properties",
                                    new JObject(
                                            new JProperty("Milestone", "Received"),
                                            new JProperty("EventText", "Received a request in APIM")
                                ))
                            )
                        ).ToString();
                        }
                </set-body>
            </send-request>
            <set-header name="x-ms-client-tracking-id" exists-action="override">
                <value>@(((Guid)context.Variables["chainId"]).ToString())</value>
            </set-header>
            <set-header name="ChainId" exists-action="override">
                <value>@(((Guid)context.Variables["chainId"]).ToString())</value>
            </set-header>
            <set-header name="StepId" exists-action="override">
                <value>@(((Guid)context.Variables["stepId"]).ToString())</value>
            </set-header>
    </inbound>
    <backend>
        <base />
    </backend>
    <outbound>
        <base />
    </outbound>
    <on-error>
        <base />
    </on-error>
</policies>